student,job,status,daysAgo
aarav@careerpilot.dev,J01,SELECTED,40
aarav@careerpilot.dev,J07,HR_INTERVIEW,34
aarav@careerpilot.dev,J20,TECHNICAL_INTERVIEW,9
aarav@careerpilot.dev,J26,SHORTLISTED,26
aarav@careerpilot.dev,J15,APPLIED,38
diya@careerpilot.dev,J04,TECHNICAL_INTERVIEW,4
diya@careerpilot.dev,J11,REJECTED,29
rohan@careerpilot.dev,J05,SELECTED,36
rohan@careerpilot.dev,J24,REJECTED,14
ananya@careerpilot.dev,J08,APPLIED,23
ananya@careerpilot.dev,J27,SELECTED,22
ananya@careerpilot.dev,J29,SHORTLISTED,9
kabir@careerpilot.dev,J06,TECHNICAL_INTERVIEW,28
kabir@careerpilot.dev,J21,TECHNICAL_INTERVIEW,27
kabir@careerpilot.dev,J13,SHORTLISTED,20
kabir@careerpilot.dev,J07,SHORTLISTED,10
meera@careerpilot.dev,J07,HR_INTERVIEW,26
meera@careerpilot.dev,J26,REJECTED,13
vihaan@careerpilot.dev,J17,HR_INTERVIEW,37
vihaan@careerpilot.dev,J23,APPLIED,21
vihaan@careerpilot.dev,J20,REJECTED,15
vihaan@careerpilot.dev,J11,REJECTED,39
isha@careerpilot.dev,J24,HR_INTERVIEW,30
isha@careerpilot.dev,J07,HR_INTERVIEW,15
isha@careerpilot.dev,J20,SHORTLISTED,32
isha@careerpilot.dev,J38,REJECTED,12
arjun@careerpilot.dev,J28,SELECTED,23
arjun@careerpilot.dev,J09,APPLIED,17
arjun@careerpilot.dev,J07,REJECTED,21
arjun@careerpilot.dev,J14,APPLIED,14
sneha@careerpilot.dev,J08,APPLIED,4
sneha@careerpilot.dev,J27,SHORTLISTED,32
dev@careerpilot.dev,J07,HR_INTERVIEW,38
dev@careerpilot.dev,J31,APPLIED,26
dev@careerpilot.dev,J34,REJECTED,27
dev@careerpilot.dev,J11,APPLIED,11
pooja@careerpilot.dev,J11,APPLIED,29
pooja@careerpilot.dev,J23,SHORTLISTED,13
pooja@careerpilot.dev,J26,SHORTLISTED,35
pooja@careerpilot.dev,J20,HR_INTERVIEW,5
yash@careerpilot.dev,J02,HR_INTERVIEW,10
yash@careerpilot.dev,J21,HR_INTERVIEW,35
yash@careerpilot.dev,J07,SHORTLISTED,40
yash@careerpilot.dev,J06,REJECTED,30
tanvi@careerpilot.dev,J05,HR_INTERVIEW,37
tanvi@careerpilot.dev,J24,HR_INTERVIEW,12
tanvi@careerpilot.dev,J38,REJECTED,32
tanvi@careerpilot.dev,J27,HR_INTERVIEW,18
