name,location,website
Nimbus Labs,Bengaluru,https://nimbuslabs.example.com
Quantra Systems,Pune,https://quantrasystems.example.com
Pixelforge Studio,Hyderabad,https://pixelforgestudio.example.com
BlueMesh Cloud,Bengaluru,https://bluemeshcloud.example.com
Kavach Security,Gurugram,https://kavachsecurity.example.com
Lumen Analytics,Mumbai,https://lumenanalytics.example.com
Orbit Payments,Bengaluru,https://orbitpayments.example.com
TerraByte Technologies,Ahmedabad,https://terrabytetechnologies.example.com
Zenith Health Tech,Chennai,https://zenithhealthtech.example.com
Cobalt Retail Systems,Pune,https://cobaltretailsystems.example.com
Sutra Software,Rajkot,https://sutrasoftware.example.com
Vayu Mobility,Hyderabad,https://vayumobility.example.com
Aarna FinServe,Mumbai,https://aarnafinserve.example.com
Helix Robotics,Pune,https://helixrobotics.example.com
Ganga Logistics Tech,Ahmedabad,https://gangalogisticstech.example.com
Kiranaa Commerce,Remote,https://kiranaacommerce.example.com
