ref,company,title,description,minimumCgpa,location,salaryLpa,jobType,deadlineDays,graduationYear,allowedDegrees,skills
J01,Nimbus Labs,Java Backend Developer,"Nimbus Labs is hiring a Java Backend Developer (full-time) for its Bengaluru team. You will build and maintain REST services with Spring Boot and design normalized schemas and tune SQL queries. Required skills: Java, Spring Boot, SQL, REST API, Git, Hibernate. Nice to have: Docker, Microservices. Eligibility: B.Tech / B.E. / MCA with at least 6.5 CGPA. Freshers are welcome; we value projects over certificates.",6.5,Bengaluru,8.2,Full-time,35,,"B.Tech,B.E.,MCA",Java; Spring Boot; SQL; REST API; Git; Hibernate
J02,Quantra Systems,DevOps Engineer,"Quantra Systems is hiring a DevOps Engineer (full-time) for its Pune team. You will automate build and deployment pipelines and manage containerised workloads and monitoring. Required skills: Docker, Kubernetes, Linux, CI/CD, Git, AWS, Jenkins. Nice to have: Kubernetes. Eligibility: B.Tech / B.E. / MCA with at least 7.0 CGPA, 2027 batch. Freshers are welcome; we value projects over certificates.",7.0,Pune,12.3,Full-time,14,2027,"B.Tech,B.E.,MCA",Docker; Kubernetes; Linux; CI/CD; Git; AWS; Jenkins
J03,Pixelforge Studio,Cybersecurity Analyst,"Pixelforge Studio is hiring a Cybersecurity Analyst (full-time) for its Hyderabad team. You will monitor alerts and triage security incidents and run vulnerability scans and write remediation notes. Required skills: Cybersecurity, Networking, Linux, Python. Nice to have: Open-source contributions. Eligibility: B.Tech / B.E. / MCA with at least 6.5 CGPA. Freshers are welcome; we value projects over certificates.",6.5,Hyderabad,7.6,Full-time,14,,"B.Tech,B.E.,MCA",Cybersecurity; Networking; Linux; Python
J04,BlueMesh Cloud,React Developer Intern,"BlueMesh Cloud is hiring a React Developer Intern (internship) for its Bengaluru team. You will build UI components and fix front-end bugs and pair with senior engineers on code reviews. Required skills: React, JavaScript, HTML, CSS. Nice to have: TypeScript, Redux. Eligibility: B.Tech / B.E. / MCA with at least 6.5 CGPA, 2027 batch. Freshers are welcome; we value projects over certificates.",6.5,Bengaluru,0.47,Internship,22,2027,"B.Tech,B.E.,MCA",React; JavaScript; HTML; CSS
J05,Kavach Security,Machine Learning Engineer,"Kavach Security is hiring a Machine Learning Engineer (full-time) for its Gurugram team. You will train, evaluate and deploy ML models and build data pipelines and monitor model drift. Required skills: Python, Machine Learning, Scikit-learn, NumPy, TensorFlow, Data Structures. Nice to have: FastAPI, Docker. Eligibility: B.Tech / B.E. / MCA with at least 7.5 CGPA, 2027 batch. Freshers are welcome; we value projects over certificates.",7.5,Gurugram,19.5,Full-time,6,2027,"B.Tech,B.E.,MCA",Python; Machine Learning; Scikit-learn; NumPy; TensorFlow; Data Structures
J06,Lumen Analytics,Cloud Engineer,"Lumen Analytics is hiring a Cloud Engineer (full-time) for its Mumbai team. You will design secure, cost-aware AWS infrastructure and write automation scripts for provisioning. Required skills: AWS, Linux, Networking, Docker, Python, Git. Nice to have: Terraform. Eligibility: B.Tech / B.E. / MCA with at least 7.0 CGPA. Freshers are welcome; we value projects over certificates.",7.0,Mumbai,9.1,Full-time,6,,"B.Tech,B.E.,MCA",AWS; Linux; Networking; Docker; Python; Git
J07,Orbit Payments,Software Development Intern,"Orbit Payments is hiring a Software Development Intern (internship) for its Chennai team. You will work on a real feature with a mentor for 6 months and write tests and fix production bugs. Required skills: Data Structures, OOP, Git. Nice to have: Open-source contributions. Eligibility: B.Tech / B.E. / MCA with at least 6.0 CGPA. Freshers are welcome; we value projects over certificates.",6.0,Chennai,0.46,Internship,22,,"B.Tech,B.E.,MCA",Data Structures; OOP; Git
J08,TerraByte Technologies,Data Analyst,"TerraByte Technologies is hiring a Data Analyst (full-time) for its Ahmedabad team. You will turn raw data into weekly business dashboards and run ad-hoc SQL analysis for product and ops teams. Required skills: SQL, Python, Pandas, MS Excel, Power BI, Statistics. Nice to have: PostgreSQL, indexing basics. Eligibility: B.Tech / B.E. / MCA with at least 7.0 CGPA, 2027 batch. Freshers are welcome; we value projects over certificates.",7.0,Ahmedabad,5.3,Full-time,6,2027,"B.Tech,B.E.,MCA",SQL; Python; Pandas; MS Excel; Power BI; Statistics
J09,Zenith Health Tech,Flutter Mobile Developer,"Zenith Health Tech is hiring a Flutter Mobile Developer (full-time) for its Pune team. You will build cross-platform mobile apps with Flutter and integrate payments, maps and push notifications. Required skills: Flutter, Dart, REST API, Git. Nice to have: Open-source contributions. Eligibility: B.Tech / B.E. / MCA with at least 6.5 CGPA, 2027 batch. Freshers are welcome; we value projects over certificates.",6.5,Pune,8.2,Full-time,22,2027,"B.Tech,B.E.,MCA",Flutter; Dart; REST API; Git
J10,Cobalt Retail Systems,Business Analyst,"Cobalt Retail Systems is hiring a Business Analyst (full-time) for its Pune team. You will translate stakeholder needs into user stories and track KPIs and present findings. Required skills: SQL, MS Excel, Tableau, Agile. Nice to have: PostgreSQL, indexing basics. Eligibility: B.Tech / B.E. / MCA with at least 7.0 CGPA. Freshers are welcome; we value projects over certificates.",7.0,Pune,9.7,Full-time,9,,"B.Tech,B.E.,MCA",SQL; MS Excel; Tableau; Agile
J11,Sutra Software,Frontend Developer,"Sutra Software is hiring a Frontend Developer (full-time) for its Rajkot team. You will build accessible, responsive interfaces in React and turn Figma designs into reusable components. Required skills: React, TypeScript, HTML, CSS, JavaScript, Git. Nice to have: TypeScript, Redux. Eligibility: B.Tech / B.E. / MCA with at least 6.0 CGPA. Freshers are welcome; we value projects over certificates.",6.0,Rajkot,8.2,Full-time,41,,"B.Tech,B.E.,MCA",React; TypeScript; HTML; CSS; JavaScript; Git
J12,Vayu Mobility,QA Automation Engineer,"Vayu Mobility is hiring a QA Automation Engineer (full-time) for its Hyderabad team. You will write automated UI and API tests and own regression suites and release sign-off. Required skills: Selenium, Java, Postman, JUnit, SQL, Agile. Nice to have: Open-source contributions. Eligibility: B.Tech / B.E. / MCA with at least 6.5 CGPA. Freshers are welcome; we value projects over certificates.",6.5,Hyderabad,8.6,Full-time,22,,"B.Tech,B.E.,MCA",Selenium; Java; Postman; JUnit; SQL; Agile
J13,Aarna FinServe,Python Backend Developer,"Aarna FinServe is hiring a Python Backend Developer (full-time) for its Mumbai team. You will build Django services and background workers and write clean, well-tested APIs. Required skills: Python, Django, SQL, REST API, Docker, Git. Nice to have: FastAPI, Docker. Eligibility: B.Tech / B.E. / MCA with at least 6.5 CGPA. Freshers are welcome; we value projects over certificates.",6.5,Mumbai,13.3,Full-time,14,,"B.Tech,B.E.,MCA",Python; Django; SQL; REST API; Docker; Git
J14,Helix Robotics,Full-Stack Engineer,"Helix Robotics is hiring a Full-Stack Engineer (full-time) for its Pune team. You will ship features across a React front end and Node.js APIs and own pages from design hand-off to production. Required skills: React, JavaScript, Node.js, SQL, REST API, Git. Nice to have: TypeScript, Redux. Eligibility: B.Tech / B.E. / MCA with at least 7.0 CGPA, 2027 batch. Freshers are welcome; we value projects over certificates.",7.0,Pune,14.2,Full-time,14,2027,"B.Tech,B.E.,MCA",React; JavaScript; Node.js; SQL; REST API; Git
J15,Ganga Logistics Tech,Software Engineer Trainee,"Ganga Logistics Tech is hiring a Software Engineer Trainee (full-time) for its Ahmedabad team. You will complete a 6-month structured training programme and contribute to production code under a mentor. Required skills: Data Structures, Algorithms, OOP, Java, SQL. Nice to have: Open-source contributions. Eligibility: B.Tech / B.E. / MCA with at least 6.5 CGPA. Freshers are welcome; we value projects over certificates.",6.5,Ahmedabad,7.7,Full-time,22,,"B.Tech,B.E.,MCA",Data Structures; Algorithms; OOP; Java; SQL
J16,Kiranaa Commerce,NLP Engineer,"Kiranaa Commerce is hiring a NLP Engineer (full-time) for its Remote team. You will fine-tune and serve language models and build evaluation sets for text classification. Required skills: Python, NLP, PyTorch, Deep Learning, FastAPI, Git. Nice to have: FastAPI, Docker. Eligibility: B.Tech / B.E. / MCA with at least 8.5 CGPA, 2027 batch. Freshers are welcome; we value projects over certificates.",8.5,Remote,15.6,Full-time,6,2027,"B.Tech,B.E.,MCA",Python; NLP; PyTorch; Deep Learning; FastAPI; Git
J17,Nimbus Labs,Full-Stack Engineer,"Nimbus Labs is hiring a Full-Stack Engineer (full-time) for its Bengaluru team. You will ship features across a React front end and Node.js APIs and own pages from design hand-off to production. Required skills: React, JavaScript, Node.js, SQL, REST API, Git. Nice to have: TypeScript, Redux. Eligibility: B.Tech / B.E. / MCA with at least 6.5 CGPA, 2027 batch. Freshers are welcome; we value projects over certificates.",6.5,Bengaluru,12.1,Full-time,55,2027,"B.Tech,B.E.,MCA",React; JavaScript; Node.js; SQL; REST API; Git
J18,Quantra Systems,Software Engineer Trainee,"Quantra Systems is hiring a Software Engineer Trainee (full-time) for its Rajkot team. You will complete a 6-month structured training programme and contribute to production code under a mentor. Required skills: Data Structures, Algorithms, OOP, Java. Nice to have: Open-source contributions. Eligibility: B.Tech / B.E. / MCA with at least 6.5 CGPA. Freshers are welcome; we value projects over certificates.",6.5,Rajkot,6.8,Full-time,6,,"B.Tech,B.E.,MCA",Data Structures; Algorithms; OOP; Java
J19,Pixelforge Studio,NLP Engineer,"Pixelforge Studio is hiring a NLP Engineer (full-time) for its Hyderabad team. You will fine-tune and serve language models and build evaluation sets for text classification. Required skills: Python, NLP, PyTorch, Deep Learning, FastAPI. Nice to have: FastAPI, Docker. Eligibility: B.Tech / B.E. / MCA with at least 8.0 CGPA, 2027 batch. Freshers are welcome; we value projects over certificates.",8.0,Hyderabad,12.5,Full-time,27,2027,"B.Tech,B.E.,MCA",Python; NLP; PyTorch; Deep Learning; FastAPI
J20,BlueMesh Cloud,Java Backend Developer,"BlueMesh Cloud is hiring a Java Backend Developer (full-time) for its Bengaluru team. You will build and maintain REST services with Spring Boot and design normalized schemas and tune SQL queries. Required skills: Java, Spring Boot, SQL, REST API, Git. Nice to have: Docker, Microservices. Eligibility: B.Tech / B.E. / MCA with at least 6.5 CGPA. Freshers are welcome; we value projects over certificates.",6.5,Bengaluru,11.8,Full-time,9,,"B.Tech,B.E.,MCA",Java; Spring Boot; SQL; REST API; Git
J21,Kavach Security,DevOps Engineer,"Kavach Security is hiring a DevOps Engineer (full-time) for its Gurugram team. You will automate build and deployment pipelines and manage containerised workloads and monitoring. Required skills: Docker, Kubernetes, Linux, CI/CD, Git, AWS. Nice to have: Kubernetes. Eligibility: B.Tech / B.E. / MCA with at least 6.5 CGPA. Freshers are welcome; we value projects over certificates.",6.5,Gurugram,12.6,Full-time,14,,"B.Tech,B.E.,MCA",Docker; Kubernetes; Linux; CI/CD; Git; AWS
J22,Lumen Analytics,Cybersecurity Analyst,"Lumen Analytics is hiring a Cybersecurity Analyst (full-time) for its Mumbai team. You will monitor alerts and triage security incidents and run vulnerability scans and write remediation notes. Required skills: Cybersecurity, Networking, Linux, Python. Nice to have: Open-source contributions. Eligibility: B.Tech / B.E. / MCA with at least 7.5 CGPA. Freshers are welcome; we value projects over certificates.",7.5,Mumbai,10.3,Full-time,-12,,"B.Tech,B.E.,MCA",Cybersecurity; Networking; Linux; Python
J23,Orbit Payments,React Developer Intern,"Orbit Payments is hiring a React Developer Intern (internship) for its Bengaluru team. You will build UI components and fix front-end bugs and pair with senior engineers on code reviews. Required skills: React, JavaScript, HTML, CSS, Git. Nice to have: TypeScript, Redux. Eligibility: B.Tech / B.E. / MCA with at least 6.5 CGPA. Freshers are welcome; we value projects over certificates.",6.5,Bengaluru,0.32,Internship,18,,"B.Tech,B.E.,MCA",React; JavaScript; HTML; CSS; Git
J24,TerraByte Technologies,Machine Learning Engineer,"TerraByte Technologies is hiring a Machine Learning Engineer (full-time) for its Ahmedabad team. You will train, evaluate and deploy ML models and build data pipelines and monitor model drift. Required skills: Python, Machine Learning, Scikit-learn, NumPy, TensorFlow, Data Structures. Nice to have: FastAPI, Docker. Eligibility: B.Tech / B.E. / MCA with at least 7.5 CGPA. Freshers are welcome; we value projects over certificates.",7.5,Ahmedabad,14.8,Full-time,6,,"B.Tech,B.E.,MCA",Python; Machine Learning; Scikit-learn; NumPy; TensorFlow; Data Structures
J25,Zenith Health Tech,Cloud Engineer,"Zenith Health Tech is hiring a Cloud Engineer (full-time) for its Rajkot team. You will design secure, cost-aware AWS infrastructure and write automation scripts for provisioning. Required skills: AWS, Linux, Networking, Docker, Python, Git. Nice to have: Terraform. Eligibility: B.Tech / B.E. / MCA with at least 7.5 CGPA. Freshers are welcome; we value projects over certificates.",7.5,Rajkot,8.0,Full-time,18,,"B.Tech,B.E.,MCA",AWS; Linux; Networking; Docker; Python; Git
J26,Cobalt Retail Systems,Software Development Intern,"Cobalt Retail Systems is hiring a Software Development Intern (internship) for its Pune team. You will work on a real feature with a mentor for 6 months and write tests and fix production bugs. Required skills: Data Structures, OOP, Git. Nice to have: Open-source contributions. Eligibility: B.Tech / B.E. / MCA with at least 6.5 CGPA. Freshers are welcome; we value projects over certificates.",6.5,Pune,0.59,Internship,14,,"B.Tech,B.E.,MCA",Data Structures; OOP; Git
J27,Sutra Software,Data Analyst,"Sutra Software is hiring a Data Analyst (full-time) for its Rajkot team. You will turn raw data into weekly business dashboards and run ad-hoc SQL analysis for product and ops teams. Required skills: SQL, Python, Pandas, MS Excel, Power BI, Statistics. Nice to have: PostgreSQL, indexing basics. Eligibility: B.Tech / B.E. / MCA with at least 7.0 CGPA. Freshers are welcome; we value projects over certificates.",7.0,Rajkot,9.0,Full-time,33,,"B.Tech,B.E.,MCA",SQL; Python; Pandas; MS Excel; Power BI; Statistics
J28,Vayu Mobility,Flutter Mobile Developer,"Vayu Mobility is hiring a Flutter Mobile Developer (full-time) for its Hyderabad team. You will build cross-platform mobile apps with Flutter and integrate payments, maps and push notifications. Required skills: Flutter, Dart, REST API, Git, Redux. Nice to have: Open-source contributions. Eligibility: B.Tech / B.E. / MCA with at least 6.0 CGPA, 2027 batch. Freshers are welcome; we value projects over certificates.",6.0,Hyderabad,7.4,Full-time,14,2027,"B.Tech,B.E.,MCA",Flutter; Dart; REST API; Git; Redux
J29,Aarna FinServe,Business Analyst,"Aarna FinServe is hiring a Business Analyst (full-time) for its Mumbai team. You will translate stakeholder needs into user stories and track KPIs and present findings. Required skills: SQL, MS Excel, Tableau, Agile, Data Analysis. Nice to have: PostgreSQL, indexing basics. Eligibility: B.Tech / B.E. / MCA with at least 7.0 CGPA, 2027 batch. Freshers are welcome; we value projects over certificates.",7.0,Mumbai,5.3,Full-time,22,2027,"B.Tech,B.E.,MCA",SQL; MS Excel; Tableau; Agile; Data Analysis
J30,Helix Robotics,Frontend Developer,"Helix Robotics is hiring a Frontend Developer (full-time) for its Pune team. You will build accessible, responsive interfaces in React and turn Figma designs into reusable components. Required skills: React, TypeScript, HTML, CSS, JavaScript, Git. Nice to have: TypeScript, Redux. Eligibility: B.Tech / B.E. / MCA with at least 6.0 CGPA, 2027 batch. Freshers are welcome; we value projects over certificates.",6.0,Pune,9.7,Full-time,55,2027,"B.Tech,B.E.,MCA",React; TypeScript; HTML; CSS; JavaScript; Git
J31,Ganga Logistics Tech,QA Automation Engineer,"Ganga Logistics Tech is hiring a QA Automation Engineer (full-time) for its Ahmedabad team. You will write automated UI and API tests and own regression suites and release sign-off. Required skills: Selenium, Java, Postman, JUnit, SQL, Agile. Nice to have: Open-source contributions. Eligibility: B.Tech / B.E. / MCA with at least 6.0 CGPA, 2027 batch. Freshers are welcome; we value projects over certificates.",6.0,Ahmedabad,6.8,Full-time,70,2027,"B.Tech,B.E.,MCA",Selenium; Java; Postman; JUnit; SQL; Agile
J32,Kiranaa Commerce,Python Backend Developer,"Kiranaa Commerce is hiring a Python Backend Developer (full-time) for its Remote team. You will build Django services and background workers and write clean, well-tested APIs. Required skills: Python, Django, SQL, REST API, Docker. Nice to have: FastAPI, Docker. Eligibility: B.Tech / B.E. / MCA with at least 7.0 CGPA. Freshers are welcome; we value projects over certificates.",7.0,Remote,9.7,Full-time,70,,"B.Tech,B.E.,MCA",Python; Django; SQL; REST API; Docker
J33,Nimbus Labs,Frontend Developer,"Nimbus Labs is hiring a Frontend Developer (full-time) for its Bengaluru team. You will build accessible, responsive interfaces in React and turn Figma designs into reusable components. Required skills: React, TypeScript, HTML, CSS, JavaScript. Nice to have: TypeScript, Redux. Eligibility: B.Tech / B.E. / MCA with at least 6.5 CGPA, 2027 batch. Freshers are welcome; we value projects over certificates.",6.5,Bengaluru,7.4,Full-time,14,2027,"B.Tech,B.E.,MCA",React; TypeScript; HTML; CSS; JavaScript
J34,Quantra Systems,QA Automation Engineer,"Quantra Systems is hiring a QA Automation Engineer (full-time) for its Pune team. You will write automated UI and API tests and own regression suites and release sign-off. Required skills: Selenium, Java, Postman, JUnit, SQL, Agile. Nice to have: Open-source contributions. Eligibility: B.Tech / B.E. / MCA with at least 6.0 CGPA. Freshers are welcome; we value projects over certificates.",6.0,Pune,5.1,Full-time,6,,"B.Tech,B.E.,MCA",Selenium; Java; Postman; JUnit; SQL; Agile
J35,Pixelforge Studio,Python Backend Developer,"Pixelforge Studio is hiring a Python Backend Developer (full-time) for its Hyderabad team. You will build Django services and background workers and write clean, well-tested APIs. Required skills: Python, Django, SQL, REST API, Docker, Git. Nice to have: FastAPI, Docker. Eligibility: B.Tech / B.E. / MCA with at least 7.5 CGPA. Freshers are welcome; we value projects over certificates.",7.5,Hyderabad,10.4,Full-time,-12,,"B.Tech,B.E.,MCA",Python; Django; SQL; REST API; Docker; Git
J36,BlueMesh Cloud,Full-Stack Engineer,"BlueMesh Cloud is hiring a Full-Stack Engineer (full-time) for its Mumbai team. You will ship features across a React front end and Node.js APIs and own pages from design hand-off to production. Required skills: React, JavaScript, Node.js, SQL, REST API, Git. Nice to have: TypeScript, Redux. Eligibility: B.Tech / B.E. / MCA with at least 6.5 CGPA, 2027 batch. Freshers are welcome; we value projects over certificates.",6.5,Mumbai,10.4,Full-time,-12,2027,"B.Tech,B.E.,MCA",React; JavaScript; Node.js; SQL; REST API; Git
J37,Kavach Security,Software Engineer Trainee,"Kavach Security is hiring a Software Engineer Trainee (full-time) for its Gurugram team. You will complete a 6-month structured training programme and contribute to production code under a mentor. Required skills: Data Structures, Algorithms, OOP, Java. Nice to have: Open-source contributions. Eligibility: B.Tech / B.E. / MCA with at least 6.0 CGPA. Freshers are welcome; we value projects over certificates.",6.0,Gurugram,6.0,Full-time,18,,"B.Tech,B.E.,MCA",Data Structures; Algorithms; OOP; Java
J38,Lumen Analytics,NLP Engineer,"Lumen Analytics is hiring a NLP Engineer (full-time) for its Mumbai team. You will fine-tune and serve language models and build evaluation sets for text classification. Required skills: Python, NLP, PyTorch, Deep Learning, FastAPI, Git. Nice to have: FastAPI, Docker. Eligibility: B.Tech / B.E. / MCA with at least 8.5 CGPA. Freshers are welcome; we value projects over certificates.",8.5,Mumbai,21.9,Full-time,9,,"B.Tech,B.E.,MCA",Python; NLP; PyTorch; Deep Learning; FastAPI; Git
