name,email,college,degree,cgpa,graduationYear,phone,projects,certifications,skills
Aarav Patel,aarav@careerpilot.dev,Rajkot Institute of Technology,B.Tech Computer Engineering,9.1,2027,+91 9887736262,CareerPilot placement portal (Spring Boot + JWT); Library management REST API with 12 endpoints; Expense tracker using JPA and PostgreSQL,Oracle Java SE Associate; NPTEL Database Management Systems,Data Structures; Docker; Git; Hibernate; JUnit; Java; Linux; Maven; MySQL; OOP; REST API; SQL; Spring Boot
Diya Shah,diya@careerpilot.dev,Western India College of Engineering,B.Tech Computer Engineering,8.6,2027,+91 9864193837,Portfolio site with CMS in React and Node.js; Realtime chat app using WebSockets; E-commerce storefront with Stripe test checkout,Meta Front-End Developer Certificate; freeCodeCamp Responsive Web Design,Agile; CSS; Express.js; Git; HTML; JavaScript; MongoDB; Node.js; REST API; React; SQL; Tailwind CSS; TypeScript
Rohan Mehta,rohan@careerpilot.dev,Saurashtra Technical University,B.E. Information Technology,8.9,2027,+91 9844999379,Deepfake image classifier with 94% validation accuracy; Sentiment analysis on 50k reviews; Federated learning demo across 3 simulated clients,Coursera Machine Learning Specialization; NPTEL Deep Learning,Git; Machine Learning; NLP; NumPy; Python; SQL; TensorFlow
Ananya Iyer,ananya@careerpilot.dev,Rajkot Institute of Technology,B.Tech Computer Science,8.2,2027,+91 9811250299,Sales dashboard in Power BI for 120k rows; Customer churn analysis in Python; Airline delay EDA with SQL and Pandas,Microsoft Power BI Data Analyst; Google Data Analytics,MS Excel; MySQL; Pandas; Power BI; Python; Statistics
Kabir Singh,kabir@careerpilot.dev,Rajkot Institute of Technology,B.Tech Computer Engineering,7.4,2027,+91 9842787299,CI/CD pipeline for a Dockerised app using Jenkins; Kubernetes deployment on a local cluster; Log monitoring stack with alerts,AWS Cloud Practitioner; Docker Certified Associate (study track),AWS; Docker; Git; Kubernetes; Linux; Networking; Postman; Python
Meera Joshi,meera@careerpilot.dev,Saurashtra Technical University,B.E. Information Technology,7.9,2027,+91 9899038526,CareerPilot placement portal (Spring Boot + JWT); Library management REST API with 12 endpoints; Expense tracker using JPA and PostgreSQL,Oracle Java SE Associate; NPTEL Database Management Systems,Data Structures; Docker; Git; Hibernate; Java; Maven; MySQL; OOP; SQL
Vihaan Desai,vihaan@careerpilot.dev,Saurashtra Technical University,B.Tech Computer Science,6.8,2027,+91 9837326368,Portfolio site with CMS in React and Node.js; Realtime chat app using WebSockets; E-commerce storefront with Stripe test checkout,Meta Front-End Developer Certificate; freeCodeCamp Responsive Web Design,CSS; Express.js; Git; JavaScript; Node.js; REST API; Tailwind CSS
Isha Kapoor,isha@careerpilot.dev,Western India College of Engineering,B.Tech Computer Engineering,9.3,2026,+91 9895511909,Deepfake image classifier with 94% validation accuracy; Sentiment analysis on 50k reviews; Federated learning demo across 3 simulated clients,Coursera Machine Learning Specialization; NPTEL Deep Learning,Data Structures; Deep Learning; Git; Machine Learning; NLP; NumPy; Pandas; Python; SQL; Scikit-learn; Statistics; TensorFlow
Arjun Nair,arjun@careerpilot.dev,Rajkot Institute of Technology,B.Tech Computer Engineering,7.2,2027,+91 9859555330,Expense splitter app in Flutter (1.2k test installs); Campus events app with push notifications; Weather app using public APIs,Google Associate Android Developer (prep); Flutter bootcamp,Flutter; Git; JavaScript; Kotlin; Linux; OOP; REST API; Redux
Sneha Reddy,sneha@careerpilot.dev,Rajkot Institute of Technology,MCA,8.0,2027,+91 9857469942,Sales dashboard in Power BI for 120k rows; Customer churn analysis in Python; Airline delay EDA with SQL and Pandas,Microsoft Power BI Data Analyst; Google Data Analytics,Agile; Data Analysis; Linux; MySQL; Pandas; Power BI; Python; SQL; Statistics; Tableau
Dev Trivedi,dev@careerpilot.dev,Gujarat Polytechnic and Engineering College,B.Tech Computer Engineering,6.4,2027,+91 9899913412,CareerPilot placement portal (Spring Boot + JWT); Library management REST API with 12 endpoints; Expense tracker using JPA and PostgreSQL,Oracle Java SE Associate; NPTEL Database Management Systems,Data Structures; Docker; Git; Hibernate; JUnit; Java; Maven; MySQL; REST API; SQL; Spring Boot
Pooja Verma,pooja@careerpilot.dev,Western India College of Engineering,B.E. Information Technology,8.4,2026,+91 9839920292,Portfolio site with CMS in React and Node.js; Realtime chat app using WebSockets; E-commerce storefront with Stripe test checkout,Meta Front-End Developer Certificate; freeCodeCamp Responsive Web Design,CSS; Express.js; Git; HTML; JavaScript; MongoDB; Node.js; REST API; React; SQL; Tailwind CSS; TypeScript
Yash Solanki,yash@careerpilot.dev,Saurashtra Technical University,B.Tech Computer Science,7.7,2027,+91 9857130035,CI/CD pipeline for a Dockerised app using Jenkins; Kubernetes deployment on a local cluster; Log monitoring stack with alerts,AWS Cloud Practitioner; Docker Certified Associate (study track),CI/CD; Docker; Git; Jenkins; Kubernetes
Tanvi Kulkarni,tanvi@careerpilot.dev,Saurashtra Technical University,B.Tech Computer Engineering,8.7,2027,+91 9868571795,Deepfake image classifier with 94% validation accuracy; Sentiment analysis on 50k reviews; Federated learning demo across 3 simulated clients,Coursera Machine Learning Specialization; NPTEL Deep Learning,Data Structures; Deep Learning; Git; Machine Learning; NLP; NumPy; Pandas; Python; SQL; Scikit-learn; Statistics; TensorFlow
